episode,step,agent_id,total_it,actor_loss,critic_loss,td_error,q_min,q_max,normalized_reward,actor_grad_norm,critic_grad_norm,replay_fill
0,0,0,0,nan,nan,nan,nan,nan,-50.0,nan,nan,1
0,0,1,0,nan,nan,nan,nan,nan,-50.0,nan,nan,1
0,1,0,0,nan,nan,nan,nan,nan,-50.0,nan,nan,2
0,1,1,0,nan,nan,nan,nan,nan,-50.0,nan,nan,2
0,2,0,0,nan,nan,nan,nan,nan,-50.0,nan,nan,3
0,2,1,0,nan,nan,nan,nan,nan,-50.0,nan,nan,3
0,3,0,0,nan,nan,nan,nan,nan,-50.0,nan,nan,4
0,3,1,0,nan,nan,nan,nan,nan,-50.0,nan,nan,4
0,4,0,0,nan,nan,nan,nan,nan,-50.0,nan,nan,5
0,4,1,0,nan,nan,nan,nan,nan,-50.0,nan,nan,5
0,5,0,0,nan,nan,nan,nan,nan,-50.0,nan,nan,6
0,5,1,0,nan,nan,nan,nan,nan,-50.0,nan,nan,6
0,6,0,0,nan,nan,nan,nan,nan,-50.0,nan,nan,7
0,6,1,0,nan,nan,nan,nan,nan,-50.0,nan,nan,7
0,7,0,0,nan,nan,nan,nan,nan,-50.0,nan,nan,8
0,7,1,0,nan,nan,nan,nan,nan,-50.0,nan,nan,8
0,8,0,0,nan,nan,nan,nan,nan,-50.0,nan,nan,9
0,8,1,0,nan,nan,nan,nan,nan,-50.0,nan,nan,9
0,9,0,0,nan,nan,nan,nan,nan,-50.0,nan,nan,10
0,9,1,0,nan,nan,nan,nan,nan,-50.0,nan,nan,10
0,10,0,0,nan,nan,nan,nan,nan,-50.0,nan,nan,11
0,10,1,0,nan,nan,nan,nan,nan,-50.0,nan,nan,11
0,11,0,0,nan,nan,nan,nan,nan,-50.0,nan,nan,12
0,11,1,0,nan,nan,nan,nan,nan,-50.0,nan,nan,12
0,12,0,0,nan,nan,nan,nan,nan,-50.0,nan,nan,13
0,12,1,0,nan,nan,nan,nan,nan,-50.0,nan,nan,13
0,13,0,0,nan,nan,nan,nan,nan,-50.0,nan,nan,14
0,13,1,0,nan,nan,nan,nan,nan,-50.0,nan,nan,14
0,14,0,0,nan,nan,nan,nan,nan,-50.0,nan,nan,15
0,14,1,0,nan,nan,nan,nan,nan,-50.0,nan,nan,15
0,15,0,0,nan,nan,nan,nan,nan,-50.0,nan,nan,16
0,15,1,0,nan,nan,nan,nan,nan,-50.0,nan,nan,16
0,16,0,0,nan,nan,nan,nan,nan,-50.0,nan,nan,17
0,16,1,0,nan,nan,nan,nan,nan,-50.0,nan,nan,17
0,17,0,0,nan,nan,nan,nan,nan,-50.0,nan,nan,18
0,17,1,0,nan,nan,nan,nan,nan,-50.0,nan,nan,18
0,18,0,0,nan,nan,nan,nan,nan,-50.0,nan,nan,19
0,18,1,0,nan,nan,nan,nan,nan,-50.0,nan,nan,19
0,19,0,0,nan,nan,nan,nan,nan,-50.0,nan,nan,20
0,19,1,0,nan,nan,nan,nan,nan,-50.0,nan,nan,20
0,20,0,0,nan,nan,nan,nan,nan,-50.0,nan,nan,21
0,20,1,0,nan,nan,nan,nan,nan,-50.0,nan,nan,21
0,21,0,0,nan,nan,nan,nan,nan,-50.0,nan,nan,22
0,21,1,0,nan,nan,nan,nan,nan,-50.0,nan,nan,22
0,22,0,0,nan,nan,nan,nan,nan,-50.0,nan,nan,23
0,22,1,0,nan,nan,nan,nan,nan,-50.0,nan,nan,23
0,23,0,0,nan,nan,nan,nan,nan,-50.0,nan,nan,24
0,23,1,0,nan,nan,nan,nan,nan,-50.0,nan,nan,24
0,24,0,0,nan,nan,nan,nan,nan,-50.0,nan,nan,25
0,24,1,0,nan,nan,nan,nan,nan,-50.0,nan,nan,25
0,25,0,0,nan,nan,nan,nan,nan,-50.0,nan,nan,26
0,25,1,0,nan,nan,nan,nan,nan,-50.0,nan,nan,26
0,26,0,0,nan,nan,nan,nan,nan,-50.0,nan,nan,27
0,26,1,0,nan,nan,nan,nan,nan,-50.0,nan,nan,27
0,27,0,0,nan,nan,nan,nan,nan,-50.0,nan,nan,28
0,27,1,0,nan,nan,nan,nan,nan,-50.0,nan,nan,28
0,28,0,0,nan,nan,nan,nan,nan,-50.0,nan,nan,29
0,28,1,0,nan,nan,nan,nan,nan,-50.0,nan,nan,29
0,29,0,0,nan,nan,nan,nan,nan,-50.0,nan,nan,30
0,29,1,0,nan,nan,nan,nan,nan,-50.0,nan,nan,30
0,30,0,0,nan,nan,nan,nan,nan,-50.0,nan,nan,31
0,30,1,0,nan,nan,nan,nan,nan,-50.0,nan,nan,31
0,31,0,0,nan,nan,nan,nan,nan,-50.0,nan,nan,32
0,31,1,0,nan,nan,nan,nan,nan,-50.0,nan,nan,32
0,32,0,0,nan,nan,nan,nan,nan,-50.0,nan,nan,33
0,32,1,0,nan,nan,nan,nan,nan,-50.0,nan,nan,33
0,33,0,0,nan,nan,nan,nan,nan,-50.0,nan,nan,34
0,33,1,0,nan,nan,nan,nan,nan,-50.0,nan,nan,34
0,34,0,0,nan,nan,nan,nan,nan,-50.0,nan,nan,35
0,34,1,0,nan,nan,nan,nan,nan,-50.0,nan,nan,35
0,35,0,0,nan,nan,nan,nan,nan,-50.0,nan,nan,36
0,35,1,0,nan,nan,nan,nan,nan,-50.0,nan,nan,36
0,36,0,0,nan,nan,nan,nan,nan,-50.0,nan,nan,37
0,36,1,0,nan,nan,nan,nan,nan,-50.0,nan,nan,37
0,37,0,0,nan,nan,nan,nan,nan,-50.0,nan,nan,38
0,37,1,0,nan,nan,nan,nan,nan,-50.0,nan,nan,38
0,38,0,0,nan,nan,nan,nan,nan,-50.0,nan,nan,39
0,38,1,0,nan,nan,nan,nan,nan,-50.0,nan,nan,39
0,39,0,0,nan,nan,nan,nan,nan,-50.0,nan,nan,40
0,39,1,0,nan,nan,nan,nan,nan,-50.0,nan,nan,40
0,40,0,0,nan,nan,nan,nan,nan,-50.0,nan,nan,41
0,40,1,0,nan,nan,nan,nan,nan,-50.0,nan,nan,41
0,41,0,0,nan,nan,nan,nan,nan,-50.0,nan,nan,42
0,41,1,0,nan,nan,nan,nan,nan,-50.0,nan,nan,42
0,42,0,0,nan,nan,nan,nan,nan,-50.0,nan,nan,43
0,42,1,0,nan,nan,nan,nan,nan,-50.0,nan,nan,43
0,43,0,0,nan,nan,nan,nan,nan,-50.0,nan,nan,44
0,43,1,0,nan,nan,nan,nan,nan,-50.0,nan,nan,44
0,44,0,0,nan,nan,nan,nan,nan,-50.0,nan,nan,45
0,44,1,0,nan,nan,nan,nan,nan,-50.0,nan,nan,45
0,45,0,0,nan,nan,nan,nan,nan,-50.0,nan,nan,46
0,45,1,0,nan,nan,nan,nan,nan,-50.0,nan,nan,46
0,46,0,0,nan,nan,nan,nan,nan,-50.0,nan,nan,47
0,46,1,0,nan,nan,nan,nan,nan,-50.0,nan,nan,47
0,47,0,0,nan,nan,nan,nan,nan,-50.0,nan,nan,48
0,47,1,0,nan,nan,nan,nan,nan,-50.0,nan,nan,48
0,48,0,0,nan,nan,nan,nan,nan,-50.0,nan,nan,49
0,48,1,0,nan,nan,nan,nan,nan,-50.0,nan,nan,49
0,49,0,0,nan,nan,nan,nan,nan,-50.0,nan,nan,50
0,49,1,0,nan,nan,nan,nan,nan,-50.0,nan,nan,50
0,50,0,0,nan,nan,nan,nan,nan,-50.0,nan,nan,51
0,50,1,0,nan,nan,nan,nan,nan,-50.0,nan,nan,51
0,51,0,0,nan,nan,nan,nan,nan,-50.0,nan,nan,52
0,51,1,0,nan,nan,nan,nan,nan,-50.0,nan,nan,52
0,52,0,0,nan,nan,nan,nan,nan,-50.0,nan,nan,53
0,52,1,0,nan,nan,nan,nan,nan,-50.0,nan,nan,53
0,53,0,0,nan,nan,nan,nan,nan,-50.0,nan,nan,54
0,53,1,0,nan,nan,nan,nan,nan,-50.0,nan,nan,54
0,54,0,0,nan,nan,nan,nan,nan,-50.0,nan,nan,55
0,54,1,0,nan,nan,nan,nan,nan,-50.0,nan,nan,55
0,55,0,0,nan,nan,nan,nan,nan,-50.0,nan,nan,56
0,55,1,0,nan,nan,nan,nan,nan,-50.0,nan,nan,56
0,56,0,0,nan,nan,nan,nan,nan,-50.0,nan,nan,57
0,56,1,0,nan,nan,nan,nan,nan,-50.0,nan,nan,57
0,57,0,0,nan,nan,nan,nan,nan,-50.0,nan,nan,58
0,57,1,0,nan,nan,nan,nan,nan,-50.0,nan,nan,58
0,58,0,0,nan,nan,nan,nan,nan,-50.0,nan,nan,59
0,58,1,0,nan,nan,nan,nan,nan,-50.0,nan,nan,59
0,59,0,0,nan,nan,nan,nan,nan,-50.0,nan,nan,60
0,59,1,0,nan,nan,nan,nan,nan,-50.0,nan,nan,60
0,60,0,0,nan,nan,nan,nan,nan,-50.0,nan,nan,61
0,60,1,0,nan,nan,nan,nan,nan,-50.0,nan,nan,61
0,61,0,0,nan,nan,nan,nan,nan,-50.0,nan,nan,62
0,61,1,0,nan,nan,nan,nan,nan,-50.0,nan,nan,62
0,62,0,0,nan,nan,nan,nan,nan,-50.0,nan,nan,63
0,62,1,0,nan,nan,nan,nan,nan,-50.0,nan,nan,63
0,63,0,0,nan,nan,nan,nan,nan,-50.0,nan,nan,64
0,63,1,0,nan,nan,nan,nan,nan,-50.0,nan,nan,64
0,64,0,0,nan,nan,nan,nan,nan,-50.0,nan,nan,65
0,64,1,0,nan,nan,nan,nan,nan,-50.0,nan,nan,65
0,65,0,0,nan,nan,nan,nan,nan,-50.0,nan,nan,66
0,65,1,0,nan,nan,nan,nan,nan,-50.0,nan,nan,66
0,66,0,0,nan,nan,nan,nan,nan,-50.0,nan,nan,67
0,66,1,0,nan,nan,nan,nan,nan,-50.0,nan,nan,67
0,67,0,0,nan,nan,nan,nan,nan,-50.0,nan,nan,68
0,67,1,0,nan,nan,nan,nan,nan,-50.0,nan,nan,68
0,68,0,0,nan,nan,nan,nan,nan,-50.0,nan,nan,69
0,68,1,0,nan,nan,nan,nan,nan,-50.0,nan,nan,69
0,69,0,0,nan,nan,nan,nan,nan,-50.0,nan,nan,70
0,69,1,0,nan,nan,nan,nan,nan,-50.0,nan,nan,70
0,70,0,0,nan,nan,nan,nan,nan,-50.0,nan,nan,71
0,70,1,0,nan,nan,nan,nan,nan,-50.0,nan,nan,71
0,71,0,0,nan,nan,nan,nan,nan,-50.0,nan,nan,72
0,71,1,0,nan,nan,nan,nan,nan,-50.0,nan,nan,72
0,72,0,0,nan,nan,nan,nan,nan,-50.0,nan,nan,73
0,72,1,0,nan,nan,nan,nan,nan,-50.0,nan,nan,73
0,73,0,0,nan,nan,nan,nan,nan,-50.0,nan,nan,74
0,73,1,0,nan,nan,nan,nan,nan,-50.0,nan,nan,74
0,74,0,0,nan,nan,nan,nan,nan,-50.0,nan,nan,75
0,74,1,0,nan,nan,nan,nan,nan,-47.33122404595356,nan,nan,75
0,75,0,0,nan,nan,nan,nan,nan,-50.0,nan,nan,76
0,75,1,0,nan,nan,nan,nan,nan,-50.0,nan,nan,76
0,76,0,0,nan,nan,nan,nan,nan,-50.0,nan,nan,77
0,76,1,0,nan,nan,nan,nan,nan,-50.0,nan,nan,77
0,77,0,0,nan,nan,nan,nan,nan,-50.0,nan,nan,78
0,77,1,0,nan,nan,nan,nan,nan,-50.0,nan,nan,78
0,78,0,0,nan,nan,nan,nan,nan,-50.0,nan,nan,79
0,78,1,0,nan,nan,nan,nan,nan,-50.0,nan,nan,79
0,79,0,0,nan,nan,nan,nan,nan,-50.0,nan,nan,80
0,79,1,0,nan,nan,nan,nan,nan,-50.0,nan,nan,80
0,80,0,0,nan,nan,nan,nan,nan,-50.0,nan,nan,81
0,80,1,0,nan,nan,nan,nan,nan,-50.0,nan,nan,81
0,81,0,0,nan,nan,nan,nan,nan,-47.724964296611624,nan,nan,82
0,81,1,0,nan,nan,nan,nan,nan,-50.0,nan,nan,82
0,82,0,0,nan,nan,nan,nan,nan,-42.24619585980343,nan,nan,83
0,82,1,0,nan,nan,nan,nan,nan,-50.0,nan,nan,83
0,83,0,0,nan,nan,nan,nan,nan,-41.235788681660786,nan,nan,84
0,83,1,0,nan,nan,nan,nan,nan,-50.0,nan,nan,84
0,84,0,0,nan,nan,nan,nan,nan,-41.55282658164211,nan,nan,85
0,84,1,0,nan,nan,nan,nan,nan,-50.0,nan,nan,85
0,85,0,0,nan,nan,nan,nan,nan,-38.90029711670685,nan,nan,86
0,85,1,0,nan,nan,nan,nan,nan,-48.320519501101415,nan,nan,86
0,86,0,0,nan,nan,nan,nan,nan,-46.036762156502235,nan,nan,87
0,86,1,0,nan,nan,nan,nan,nan,-50.0,nan,nan,87
0,87,0,0,nan,nan,nan,nan,nan,-50.0,nan,nan,88
0,87,1,0,nan,nan,nan,nan,nan,-50.0,nan,nan,88
0,88,0,0,nan,nan,nan,nan,nan,-50.0,nan,nan,89
0,88,1,0,nan,nan,nan,nan,nan,-50.0,nan,nan,89
0,89,0,0,nan,nan,nan,nan,nan,-50.0,nan,nan,90
0,89,1,0,nan,nan,nan,nan,nan,-50.0,nan,nan,90
0,90,0,0,nan,nan,nan,nan,nan,-50.0,nan,nan,91
0,90,1,0,nan,nan,nan,nan,nan,-50.0,nan,nan,91
0,91,0,0,nan,nan,nan,nan,nan,-50.0,nan,nan,92
0,91,1,0,nan,nan,nan,nan,nan,-50.0,nan,nan,92
0,92,0,0,nan,nan,nan,nan,nan,-50.0,nan,nan,93
0,92,1,0,nan,nan,nan,nan,nan,-50.0,nan,nan,93
0,93,0,0,nan,nan,nan,nan,nan,-50.0,nan,nan,94
0,93,1,0,nan,nan,nan,nan,nan,-50.0,nan,nan,94
0,94,0,0,nan,nan,nan,nan,nan,-50.0,nan,nan,95
0,94,1,0,nan,nan,nan,nan,nan,-50.0,nan,nan,95
0,95,0,0,nan,nan,nan,nan,nan,-49.70019867885627,nan,nan,96
0,95,1,0,nan,nan,nan,nan,nan,-50.0,nan,nan,96
0,96,0,0,nan,nan,nan,nan,nan,-50.0,nan,nan,97
0,96,1,0,nan,nan,nan,nan,nan,-50.0,nan,nan,97
0,97,0,0,nan,nan,nan,nan,nan,-46.086910573749215,nan,nan,98
0,97,1,0,nan,nan,nan,nan,nan,-50.0,nan,nan,98
0,98,0,0,nan,nan,nan,nan,nan,-37.44927716626257,nan,nan,99
0,98,1,0,nan,nan,nan,nan,nan,-50.0,nan,nan,99
0,99,0,0,nan,nan,nan,nan,nan,-43.78090655247315,nan,nan,100
0,99,1,0,nan,nan,nan,nan,nan,-50.0,nan,nan,100
1,0,0,0,nan,nan,nan,nan,nan,-50.0,nan,nan,101
1,0,1,0,nan,nan,nan,nan,nan,-50.0,nan,nan,101
1,1,0,0,nan,nan,nan,nan,nan,-50.0,nan,nan,102
1,1,1,0,nan,nan,nan,nan,nan,-50.0,nan,nan,102
1,2,0,0,nan,nan,nan,nan,nan,-50.0,nan,nan,103
1,2,1,0,nan,nan,nan,nan,nan,-50.0,nan,nan,103
1,3,0,0,nan,nan,nan,nan,nan,-50.0,nan,nan,104
1,3,1,0,nan,nan,nan,nan,nan,-50.0,nan,nan,104
1,4,0,0,nan,nan,nan,nan,nan,-50.0,nan,nan,105
1,4,1,0,nan,nan,nan,nan,nan,-50.0,nan,nan,105
1,5,0,0,nan,nan,nan,nan,nan,-50.0,nan,nan,106
1,5,1,0,nan,nan,nan,nan,nan,-50.0,nan,nan,106
1,6,0,0,nan,nan,nan,nan,nan,-50.0,nan,nan,107
1,6,1,0,nan,nan,nan,nan,nan,-50.0,nan,nan,107
1,7,0,0,nan,nan,nan,nan,nan,-50.0,nan,nan,108
1,7,1,0,nan,nan,nan,nan,nan,-50.0,nan,nan,108
1,8,0,0,nan,nan,nan,nan,nan,-50.0,nan,nan,109
1,8,1,0,nan,nan,nan,nan,nan,-50.0,nan,nan,109
1,9,0,0,nan,nan,nan,nan,nan,-50.0,nan,nan,110
1,9,1,0,nan,nan,nan,nan,nan,-50.0,nan,nan,110
1,10,0,0,nan,nan,nan,nan,nan,-50.0,nan,nan,111
1,10,1,0,nan,nan,nan,nan,nan,-50.0,nan,nan,111
1,11,0,0,nan,nan,nan,nan,nan,-50.0,nan,nan,112
1,11,1,0,nan,nan,nan,nan,nan,-50.0,nan,nan,112
1,12,0,0,nan,nan,nan,nan,nan,-50.0,nan,nan,113
1,12,1,0,nan,nan,nan,nan,nan,-50.0,nan,nan,113
1,13,0,0,nan,nan,nan,nan,nan,-50.0,nan,nan,114
1,13,1,0,nan,nan,nan,nan,nan,-50.0,nan,nan,114
1,14,0,0,nan,nan,nan,nan,nan,-50.0,nan,nan,115
1,14,1,0,nan,nan,nan,nan,nan,-50.0,nan,nan,115
1,15,0,0,nan,nan,nan,nan,nan,-50.0,nan,nan,116
1,15,1,0,nan,nan,nan,nan,nan,-50.0,nan,nan,116
1,16,0,0,nan,nan,nan,nan,nan,-50.0,nan,nan,117
1,16,1,0,nan,nan,nan,nan,nan,-50.0,nan,nan,117
1,17,0,0,nan,nan,nan,nan,nan,-50.0,nan,nan,118
1,17,1,0,nan,nan,nan,nan,nan,-50.0,nan,nan,118
1,18,0,0,nan,nan,nan,nan,nan,-50.0,nan,nan,119
1,18,1,0,nan,nan,nan,nan,nan,-50.0,nan,nan,119
1,19,0,0,nan,nan,nan,nan,nan,-50.0,nan,nan,120
1,19,1,0,nan,nan,nan,nan,nan,-50.0,nan,nan,120
1,20,0,0,nan,nan,nan,nan,nan,-50.0,nan,nan,121
1,20,1,0,nan,nan,nan,nan,nan,-50.0,nan,nan,121
1,21,0,0,nan,nan,nan,nan,nan,-50.0,nan,nan,122
1,21,1,0,nan,nan,nan,nan,nan,-50.0,nan,nan,122
1,22,0,0,nan,nan,nan,nan,nan,-50.0,nan,nan,123
1,22,1,0,nan,nan,nan,nan,nan,-50.0,nan,nan,123
1,23,0,0,nan,nan,nan,nan,nan,-50.0,nan,nan,124
1,23,1,0,nan,nan,nan,nan,nan,-50.0,nan,nan,124
1,24,0,0,nan,nan,nan,nan,nan,-50.0,nan,nan,125
1,24,1,0,nan,nan,nan,nan,nan,-50.0,nan,nan,125
1,25,0,0,nan,nan,nan,nan,nan,-50.0,nan,nan,126
1,25,1,0,nan,nan,nan,nan,nan,-50.0,nan,nan,126
1,26,0,0,nan,nan,nan,nan,nan,-50.0,nan,nan,127
1,26,1,0,nan,nan,nan,nan,nan,-50.0,nan,nan,127
1,27,0,0,nan,nan,nan,nan,nan,-50.0,nan,nan,128
1,27,1,0,nan,nan,nan,nan,nan,-50.0,nan,nan,128
1,28,0,0,nan,nan,nan,nan,nan,-50.0,nan,nan,129
1,28,1,0,nan,nan,nan,nan,nan,-50.0,nan,nan,129
1,29,0,0,nan,nan,nan,nan,nan,-50.0,nan,nan,130
1,29,1,0,nan,nan,nan,nan,nan,-50.0,nan,nan,130
1,30,0,0,nan,nan,nan,nan,nan,-50.0,nan,nan,131
1,30,1,0,nan,nan,nan,nan,nan,-50.0,nan,nan,131
1,31,0,0,nan,nan,nan,nan,nan,-50.0,nan,nan,132
1,31,1,0,nan,nan,nan,nan,nan,-50.0,nan,nan,132
1,32,0,0,nan,nan,nan,nan,nan,-50.0,nan,nan,133
1,32,1,0,nan,nan,nan,nan,nan,-50.0,nan,nan,133
1,33,0,0,nan,nan,nan,nan,nan,-50.0,nan,nan,134
1,33,1,0,nan,nan,nan,nan,nan,-50.0,nan,nan,134
1,34,0,0,nan,nan,nan,nan,nan,-50.0,nan,nan,135
1,34,1,0,nan,nan,nan,nan,nan,-50.0,nan,nan,135
1,35,0,0,nan,nan,nan,nan,nan,-50.0,nan,nan,136
1,35,1,0,nan,nan,nan,nan,nan,-50.0,nan,nan,136
1,36,0,0,nan,nan,nan,nan,nan,-50.0,nan,nan,137
1,36,1,0,nan,nan,nan,nan,nan,-50.0,nan,nan,137
1,37,0,0,nan,nan,nan,nan,nan,-50.0,nan,nan,138
1,37,1,0,nan,nan,nan,nan,nan,-50.0,nan,nan,138
1,38,0,0,nan,nan,nan,nan,nan,-50.0,nan,nan,139
1,38,1,0,nan,nan,nan,nan,nan,-50.0,nan,nan,139
1,39,0,0,nan,nan,nan,nan,nan,-50.0,nan,nan,140
1,39,1,0,nan,nan,nan,nan,nan,-50.0,nan,nan,140
1,40,0,0,nan,nan,nan,nan,nan,-50.0,nan,nan,141
1,40,1,0,nan,nan,nan,nan,nan,-50.0,nan,nan,141
1,41,0,0,nan,nan,nan,nan,nan,-50.0,nan,nan,142
1,41,1,0,nan,nan,nan,nan,nan,-50.0,nan,nan,142
1,42,0,0,nan,nan,nan,nan,nan,-50.0,nan,nan,143
1,42,1,0,nan,nan,nan,nan,nan,-50.0,nan,nan,143
1,43,0,0,nan,nan,nan,nan,nan,-50.0,nan,nan,144
1,43,1,0,nan,nan,nan,nan,nan,-50.0,nan,nan,144
1,44,0,0,nan,nan,nan,nan,nan,-50.0,nan,nan,145
1,44,1,0,nan,nan,nan,nan,nan,-50.0,nan,nan,145
1,45,0,0,nan,nan,nan,nan,nan,-50.0,nan,nan,146
1,45,1,0,nan,nan,nan,nan,nan,-50.0,nan,nan,146
1,46,0,0,nan,nan,nan,nan,nan,-50.0,nan,nan,147
1,46,1,0,nan,nan,nan,nan,nan,-50.0,nan,nan,147
1,47,0,0,nan,nan,nan,nan,nan,-50.0,nan,nan,148
1,47,1,0,nan,nan,nan,nan,nan,-50.0,nan,nan,148
1,48,0,0,nan,nan,nan,nan,nan,-50.0,nan,nan,149
1,48,1,0,nan,nan,nan,nan,nan,-50.0,nan,nan,149
1,49,0,0,nan,nan,nan,nan,nan,-50.0,nan,nan,150
1,49,1,0,nan,nan,nan,nan,nan,-50.0,nan,nan,150
1,50,0,0,nan,nan,nan,nan,nan,-50.0,nan,nan,151
1,50,1,0,nan,nan,nan,nan,nan,-50.0,nan,nan,151
1,51,0,0,nan,nan,nan,nan,nan,-50.0,nan,nan,152
1,51,1,0,nan,nan,nan,nan,nan,-50.0,nan,nan,152
1,52,0,0,nan,nan,nan,nan,nan,-50.0,nan,nan,153
1,52,1,0,nan,nan,nan,nan,nan,-50.0,nan,nan,153
1,53,0,0,nan,nan,nan,nan,nan,-50.0,nan,nan,154
1,53,1,0,nan,nan,nan,nan,nan,-50.0,nan,nan,154
1,54,0,0,nan,nan,nan,nan,nan,-50.0,nan,nan,155
1,54,1,0,nan,nan,nan,nan,nan,-50.0,nan,nan,155
1,55,0,0,nan,nan,nan,nan,nan,-50.0,nan,nan,156
1,55,1,0,nan,nan,nan,nan,nan,-50.0,nan,nan,156
1,56,0,0,nan,nan,nan,nan,nan,-50.0,nan,nan,157
1,56,1,0,nan,nan,nan,nan,nan,-50.0,nan,nan,157
1,57,0,0,nan,nan,nan,nan,nan,-50.0,nan,nan,158
1,57,1,0,nan,nan,nan,nan,nan,-50.0,nan,nan,158
1,58,0,0,nan,nan,nan,nan,nan,-50.0,nan,nan,159
1,58,1,0,nan,nan,nan,nan,nan,-50.0,nan,nan,159
1,59,0,0,nan,nan,nan,nan,nan,-50.0,nan,nan,160
1,59,1,0,nan,nan,nan,nan,nan,-50.0,nan,nan,160
1,60,0,0,nan,nan,nan,nan,nan,-50.0,nan,nan,161
1,60,1,0,nan,nan,nan,nan,nan,-50.0,nan,nan,161
1,61,0,0,nan,nan,nan,nan,nan,-50.0,nan,nan,162
1,61,1,0,nan,nan,nan,nan,nan,-50.0,nan,nan,162
1,62,0,0,nan,nan,nan,nan,nan,-50.0,nan,nan,163
1,62,1,0,nan,nan,nan,nan,nan,-50.0,nan,nan,163
1,63,0,0,nan,nan,nan,nan,nan,-50.0,nan,nan,164
1,63,1,0,nan,nan,nan,nan,nan,-50.0,nan,nan,164
1,64,0,0,nan,nan,nan,nan,nan,-50.0,nan,nan,165
1,64,1,0,nan,nan,nan,nan,nan,-50.0,nan,nan,165
1,65,0,0,nan,nan,nan,nan,nan,-50.0,nan,nan,166
1,65,1,0,nan,nan,nan,nan,nan,-50.0,nan,nan,166
1,66,0,0,nan,nan,nan,nan,nan,-50.0,nan,nan,167
1,66,1,0,nan,nan,nan,nan,nan,-50.0,nan,nan,167
1,67,0,0,nan,nan,nan,nan,nan,-50.0,nan,nan,168
1,67,1,0,nan,nan,nan,nan,nan,-50.0,nan,nan,168
1,68,0,0,nan,nan,nan,nan,nan,-50.0,nan,nan,169
1,68,1,0,nan,nan,nan,nan,nan,-50.0,nan,nan,169
1,69,0,0,nan,nan,nan,nan,nan,-50.0,nan,nan,170
1,69,1,0,nan,nan,nan,nan,nan,-50.0,nan,nan,170
1,70,0,0,nan,nan,nan,nan,nan,-50.0,nan,nan,171
1,70,1,0,nan,nan,nan,nan,nan,-50.0,nan,nan,171
1,71,0,0,nan,nan,nan,nan,nan,-50.0,nan,nan,172
1,71,1,0,nan,nan,nan,nan,nan,-50.0,nan,nan,172
1,72,0,0,nan,nan,nan,nan,nan,-50.0,nan,nan,173
1,72,1,0,nan,nan,nan,nan,nan,-50.0,nan,nan,173
1,73,0,0,nan,nan,nan,nan,nan,-50.0,nan,nan,174
1,73,1,0,nan,nan,nan,nan,nan,-50.0,nan,nan,174
1,74,0,0,nan,nan,nan,nan,nan,-50.0,nan,nan,175
1,74,1,0,nan,nan,nan,nan,nan,-50.0,nan,nan,175
1,75,0,0,nan,nan,nan,nan,nan,-50.0,nan,nan,176
1,75,1,0,nan,nan,nan,nan,nan,-50.0,nan,nan,176
1,76,0,0,nan,nan,nan,nan,nan,-50.0,nan,nan,177
1,76,1,0,nan,nan,nan,nan,nan,-50.0,nan,nan,177
1,77,0,0,nan,nan,nan,nan,nan,-50.0,nan,nan,178
1,77,1,0,nan,nan,nan,nan,nan,-50.0,nan,nan,178
1,78,0,0,nan,nan,nan,nan,nan,-50.0,nan,nan,179
1,78,1,0,nan,nan,nan,nan,nan,-50.0,nan,nan,179
1,79,0,0,nan,nan,nan,nan,nan,-50.0,nan,nan,180
1,79,1,0,nan,nan,nan,nan,nan,-50.0,nan,nan,180
1,80,0,0,nan,nan,nan,nan,nan,-50.0,nan,nan,181
1,80,1,0,nan,nan,nan,nan,nan,-50.0,nan,nan,181
1,81,0,0,nan,nan,nan,nan,nan,-50.0,nan,nan,182
1,81,1,0,nan,nan,nan,nan,nan,-50.0,nan,nan,182
1,82,0,0,nan,nan,nan,nan,nan,-50.0,nan,nan,183
1,82,1,0,nan,nan,nan,nan,nan,-50.0,nan,nan,183
1,83,0,0,nan,nan,nan,nan,nan,-50.0,nan,nan,184
1,83,1,0,nan,nan,nan,nan,nan,-50.0,nan,nan,184
1,84,0,0,nan,nan,nan,nan,nan,-46.60070236783203,nan,nan,185
1,84,1,0,nan,nan,nan,nan,nan,-50.0,nan,nan,185
1,85,0,0,nan,nan,nan,nan,nan,-50.0,nan,nan,186
1,85,1,0,nan,nan,nan,nan,nan,-50.0,nan,nan,186
1,86,0,0,nan,nan,nan,nan,nan,-50.0,nan,nan,187
1,86,1,0,nan,nan,nan,nan,nan,-50.0,nan,nan,187
1,87,0,0,nan,nan,nan,nan,nan,-50.0,nan,nan,188
1,87,1,0,nan,nan,nan,nan,nan,-50.0,nan,nan,188
1,88,0,0,nan,nan,nan,nan,nan,-50.0,nan,nan,189
1,88,1,0,nan,nan,nan,nan,nan,-50.0,nan,nan,189
1,89,0,0,nan,nan,nan,nan,nan,-50.0,nan,nan,190
1,89,1,0,nan,nan,nan,nan,nan,-50.0,nan,nan,190
1,90,0,0,nan,nan,nan,nan,nan,-50.0,nan,nan,191
1,90,1,0,nan,nan,nan,nan,nan,-50.0,nan,nan,191
1,91,0,0,nan,nan,nan,nan,nan,-50.0,nan,nan,192
1,91,1,0,nan,nan,nan,nan,nan,-50.0,nan,nan,192
1,92,0,0,nan,nan,nan,nan,nan,-50.0,nan,nan,193
1,92,1,0,nan,nan,nan,nan,nan,-50.0,nan,nan,193
1,93,0,0,nan,nan,nan,nan,nan,-50.0,nan,nan,194
1,93,1,0,nan,nan,nan,nan,nan,-50.0,nan,nan,194
1,94,0,0,nan,nan,nan,nan,nan,-50.0,nan,nan,195
1,94,1,0,nan,nan,nan,nan,nan,-50.0,nan,nan,195
1,95,0,0,nan,nan,nan,nan,nan,-50.0,nan,nan,196
1,95,1,0,nan,nan,nan,nan,nan,-50.0,nan,nan,196
1,96,0,0,nan,nan,nan,nan,nan,-50.0,nan,nan,197
1,96,1,0,nan,nan,nan,nan,nan,-50.0,nan,nan,197
1,97,0,0,nan,nan,nan,nan,nan,-50.0,nan,nan,198
1,97,1,0,nan,nan,nan,nan,nan,-50.0,nan,nan,198
1,98,0,0,nan,nan,nan,nan,nan,-50.0,nan,nan,199
1,98,1,0,nan,nan,nan,nan,nan,-50.0,nan,nan,199
1,99,0,0,nan,nan,nan,nan,nan,-50.0,nan,nan,200
1,99,1,0,nan,nan,nan,nan,nan,-50.0,nan,nan,200
2,0,0,0,nan,nan,nan,nan,nan,-50.0,nan,nan,201
2,0,1,0,nan,nan,nan,nan,nan,-50.0,nan,nan,201
2,1,0,0,nan,nan,nan,nan,nan,-50.0,nan,nan,202
2,1,1,0,nan,nan,nan,nan,nan,-50.0,nan,nan,202
2,2,0,0,nan,nan,nan,nan,nan,-50.0,nan,nan,203
2,2,1,0,nan,nan,nan,nan,nan,-50.0,nan,nan,203
2,3,0,0,nan,nan,nan,nan,nan,-50.0,nan,nan,204
2,3,1,0,nan,nan,nan,nan,nan,-50.0,nan,nan,204
2,4,0,0,nan,nan,nan,nan,nan,-50.0,nan,nan,205
2,4,1,0,nan,nan,nan,nan,nan,-50.0,nan,nan,205
2,5,0,0,nan,nan,nan,nan,nan,-50.0,nan,nan,206
2,5,1,0,nan,nan,nan,nan,nan,-50.0,nan,nan,206
2,6,0,0,nan,nan,nan,nan,nan,-50.0,nan,nan,207
2,6,1,0,nan,nan,nan,nan,nan,-50.0,nan,nan,207
2,7,0,0,nan,nan,nan,nan,nan,-50.0,nan,nan,208
2,7,1,0,nan,nan,nan,nan,nan,-50.0,nan,nan,208
2,8,0,0,nan,nan,nan,nan,nan,-50.0,nan,nan,209
2,8,1,0,nan,nan,nan,nan,nan,-50.0,nan,nan,209
2,9,0,0,nan,nan,nan,nan,nan,-50.0,nan,nan,210
2,9,1,0,nan,nan,nan,nan,nan,-50.0,nan,nan,210
2,10,0,0,nan,nan,nan,nan,nan,-50.0,nan,nan,211
2,10,1,0,nan,nan,nan,nan,nan,-50.0,nan,nan,211
2,11,0,0,nan,nan,nan,nan,nan,-50.0,nan,nan,212
2,11,1,0,nan,nan,nan,nan,nan,-50.0,nan,nan,212
2,12,0,0,nan,nan,nan,nan,nan,-50.0,nan,nan,213
2,12,1,0,nan,nan,nan,nan,nan,-50.0,nan,nan,213
2,13,0,0,nan,nan,nan,nan,nan,-50.0,nan,nan,214
2,13,1,0,nan,nan,nan,nan,nan,-50.0,nan,nan,214
2,14,0,0,nan,nan,nan,nan,nan,-50.0,nan,nan,215
2,14,1,0,nan,nan,nan,nan,nan,-50.0,nan,nan,215
2,15,0,0,nan,nan,nan,nan,nan,-50.0,nan,nan,216
2,15,1,0,nan,nan,nan,nan,nan,-50.0,nan,nan,216
2,16,0,0,nan,nan,nan,nan,nan,-50.0,nan,nan,217
2,16,1,0,nan,nan,nan,nan,nan,-50.0,nan,nan,217
2,17,0,0,nan,nan,nan,nan,nan,-50.0,nan,nan,218
2,17,1,0,nan,nan,nan,nan,nan,-50.0,nan,nan,218
2,18,0,0,nan,nan,nan,nan,nan,-50.0,nan,nan,219
2,18,1,0,nan,nan,nan,nan,nan,-50.0,nan,nan,219
2,19,0,0,nan,nan,nan,nan,nan,-50.0,nan,nan,220
2,19,1,0,nan,nan,nan,nan,nan,-50.0,nan,nan,220
2,20,0,0,nan,nan,nan,nan,nan,-50.0,nan,nan,221
2,20,1,0,nan,nan,nan,nan,nan,-50.0,nan,nan,221
2,21,0,0,nan,nan,nan,nan,nan,-50.0,nan,nan,222
2,21,1,0,nan,nan,nan,nan,nan,-50.0,nan,nan,222
2,22,0,0,nan,nan,nan,nan,nan,-50.0,nan,nan,223
2,22,1,0,nan,nan,nan,nan,nan,-50.0,nan,nan,223
2,23,0,0,nan,nan,nan,nan,nan,-50.0,nan,nan,224
2,23,1,0,nan,nan,nan,nan,nan,-50.0,nan,nan,224
2,24,0,0,nan,nan,nan,nan,nan,-50.0,nan,nan,225
2,24,1,0,nan,nan,nan,nan,nan,-50.0,nan,nan,225
2,25,0,0,nan,nan,nan,nan,nan,-50.0,nan,nan,226
2,25,1,0,nan,nan,nan,nan,nan,-50.0,nan,nan,226
2,26,0,0,nan,nan,nan,nan,nan,-50.0,nan,nan,227
2,26,1,0,nan,nan,nan,nan,nan,-50.0,nan,nan,227
2,27,0,0,nan,nan,nan,nan,nan,-50.0,nan,nan,228
2,27,1,0,nan,nan,nan,nan,nan,-50.0,nan,nan,228
2,28,0,0,nan,nan,nan,nan,nan,-50.0,nan,nan,229
2,28,1,0,nan,nan,nan,nan,nan,-50.0,nan,nan,229
2,29,0,0,nan,nan,nan,nan,nan,-50.0,nan,nan,230
2,29,1,0,nan,nan,nan,nan,nan,-50.0,nan,nan,230
2,30,0,0,nan,nan,nan,nan,nan,-50.0,nan,nan,231
2,30,1,0,nan,nan,nan,nan,nan,-50.0,nan,nan,231
2,31,0,0,nan,nan,nan,nan,nan,-50.0,nan,nan,232
2,31,1,0,nan,nan,nan,nan,nan,-50.0,nan,nan,232
2,32,0,0,nan,nan,nan,nan,nan,-50.0,nan,nan,233
2,32,1,0,nan,nan,nan,nan,nan,-50.0,nan,nan,233
2,33,0,0,nan,nan,nan,nan,nan,-50.0,nan,nan,234
2,33,1,0,nan,nan,nan,nan,nan,-50.0,nan,nan,234
2,34,0,0,nan,nan,nan,nan,nan,-50.0,nan,nan,235
2,34,1,0,nan,nan,nan,nan,nan,-50.0,nan,nan,235
2,35,0,0,nan,nan,nan,nan,nan,-42.34911395459738,nan,nan,236
2,35,1,0,nan,nan,nan,nan,nan,-50.0,nan,nan,236
2,36,0,0,nan,nan,nan,nan,nan,-46.38076533471461,nan,nan,237
2,36,1,0,nan,nan,nan,nan,nan,-50.0,nan,nan,237
2,37,0,0,nan,nan,nan,nan,nan,-50.0,nan,nan,238
2,37,1,0,nan,nan,nan,nan,nan,-50.0,nan,nan,238
2,38,0,0,nan,nan,nan,nan,nan,-36.378263455723264,nan,nan,239
2,38,1,0,nan,nan,nan,nan,nan,-50.0,nan,nan,239
2,39,0,0,nan,nan,nan,nan,nan,-26.50062700374155,nan,nan,240
2,39,1,0,nan,nan,nan,nan,nan,-50.0,nan,nan,240
2,40,0,0,nan,nan,nan,nan,nan,-26.50116838555082,nan,nan,241
2,40,1,0,nan,nan,nan,nan,nan,-50.0,nan,nan,241
2,41,0,0,nan,nan,nan,nan,nan,50.0,nan,nan,242
2,41,1,0,nan,nan,nan,nan,nan,-50.0,nan,nan,242
2,42,0,0,nan,nan,nan,nan,nan,9.189454003716229,nan,nan,243
2,42,1,0,nan,nan,nan,nan,nan,-50.0,nan,nan,243
2,43,0,0,nan,nan,nan,nan,nan,13.480283051715972,nan,nan,244
2,43,1,0,nan,nan,nan,nan,nan,-50.0,nan,nan,244
2,44,0,0,nan,nan,nan,nan,nan,1.6920880442932429,nan,nan,245
2,44,1,0,nan,nan,nan,nan,nan,-50.0,nan,nan,245
2,45,0,0,nan,nan,nan,nan,nan,12.430908297779801,nan,nan,246
2,45,1,0,nan,nan,nan,nan,nan,-50.0,nan,nan,246
2,46,0,0,nan,nan,nan,nan,nan,-9.02733517619383,nan,nan,247
2,46,1,0,nan,nan,nan,nan,nan,-50.0,nan,nan,247
2,47,0,0,nan,nan,nan,nan,nan,4.876350154583982,nan,nan,248
2,47,1,0,nan,nan,nan,nan,nan,-50.0,nan,nan,248
2,48,0,0,nan,nan,nan,nan,nan,50.0,nan,nan,249
2,48,1,0,nan,nan,nan,nan,nan,-50.0,nan,nan,249
2,49,0,0,nan,nan,nan,nan,nan,-50.0,nan,nan,250
2,49,1,0,nan,nan,nan,nan,nan,-50.0,nan,nan,250
2,50,0,0,nan,nan,nan,nan,nan,-50.0,nan,nan,251
2,50,1,0,nan,nan,nan,nan,nan,-50.0,nan,nan,251
2,51,0,0,nan,nan,nan,nan,nan,-50.0,nan,nan,252
2,51,1,0,nan,nan,nan,nan,nan,-50.0,nan,nan,252
2,52,0,0,nan,nan,nan,nan,nan,-50.0,nan,nan,253
2,52,1,0,nan,nan,nan,nan,nan,-50.0,nan,nan,253
2,53,0,0,nan,nan,nan,nan,nan,-50.0,nan,nan,254
2,53,1,0,nan,nan,nan,nan,nan,-50.0,nan,nan,254
2,54,0,0,nan,nan,nan,nan,nan,-50.0,nan,nan,255
2,54,1,0,nan,nan,nan,nan,nan,-50.0,nan,nan,255
2,55,0,0,nan,nan,nan,nan,nan,-50.0,nan,nan,256
2,55,1,0,nan,nan,nan,nan,nan,-50.0,nan,nan,256
2,56,0,0,nan,nan,nan,nan,nan,-50.0,nan,nan,257
2,56,1,0,nan,nan,nan,nan,nan,-50.0,nan,nan,257
2,57,0,0,nan,nan,nan,nan,nan,-50.0,nan,nan,258
2,57,1,0,nan,nan,nan,nan,nan,-50.0,nan,nan,258
2,58,0,0,nan,nan,nan,nan,nan,-50.0,nan,nan,259
2,58,1,0,nan,nan,nan,nan,nan,-50.0,nan,nan,259
2,59,0,0,nan,nan,nan,nan,nan,-50.0,nan,nan,260
2,59,1,0,nan,nan,nan,nan,nan,-50.0,nan,nan,260
2,60,0,0,nan,nan,nan,nan,nan,-50.0,nan,nan,261
2,60,1,0,nan,nan,nan,nan,nan,-50.0,nan,nan,261
2,61,0,0,nan,nan,nan,nan,nan,-50.0,nan,nan,262
2,61,1,0,nan,nan,nan,nan,nan,-50.0,nan,nan,262
2,62,0,0,nan,nan,nan,nan,nan,-50.0,nan,nan,263
2,62,1,0,nan,nan,nan,nan,nan,-50.0,nan,nan,263
2,63,0,0,nan,nan,nan,nan,nan,-50.0,nan,nan,264
2,63,1,0,nan,nan,nan,nan,nan,-50.0,nan,nan,264
2,64,0,0,nan,nan,nan,nan,nan,-50.0,nan,nan,265
2,64,1,0,nan,nan,nan,nan,nan,-50.0,nan,nan,265
2,65,0,0,nan,nan,nan,nan,nan,-50.0,nan,nan,266
2,65,1,0,nan,nan,nan,nan,nan,-50.0,nan,nan,266
2,66,0,0,nan,nan,nan,nan,nan,-50.0,nan,nan,267
2,66,1,0,nan,nan,nan,nan,nan,-50.0,nan,nan,267
2,67,0,0,nan,nan,nan,nan,nan,-50.0,nan,nan,268
2,67,1,0,nan,nan,nan,nan,nan,-50.0,nan,nan,268
2,68,0,0,nan,nan,nan,nan,nan,-50.0,nan,nan,269
2,68,1,0,nan,nan,nan,nan,nan,-50.0,nan,nan,269
2,69,0,0,nan,nan,nan,nan,nan,-50.0,nan,nan,270
2,69,1,0,nan,nan,nan,nan,nan,-50.0,nan,nan,270
2,70,0,0,nan,nan,nan,nan,nan,-50.0,nan,nan,271
2,70,1,0,nan,nan,nan,nan,nan,-50.0,nan,nan,271
2,71,0,0,nan,nan,nan,nan,nan,-50.0,nan,nan,272
2,71,1,0,nan,nan,nan,nan,nan,-50.0,nan,nan,272
2,72,0,0,nan,nan,nan,nan,nan,-50.0,nan,nan,273
2,72,1,0,nan,nan,nan,nan,nan,-50.0,nan,nan,273
2,73,0,0,nan,nan,nan,nan,nan,-50.0,nan,nan,274
2,73,1,0,nan,nan,nan,nan,nan,-50.0,nan,nan,274
2,74,0,0,nan,nan,nan,nan,nan,-50.0,nan,nan,275
2,74,1,0,nan,nan,nan,nan,nan,-50.0,nan,nan,275
2,75,0,0,nan,nan,nan,nan,nan,-50.0,nan,nan,276
2,75,1,0,nan,nan,nan,nan,nan,-50.0,nan,nan,276
2,76,0,0,nan,nan,nan,nan,nan,-50.0,nan,nan,277
2,76,1,0,nan,nan,nan,nan,nan,-50.0,nan,nan,277
2,77,0,0,nan,nan,nan,nan,nan,-50.0,nan,nan,278
2,77,1,0,nan,nan,nan,nan,nan,-50.0,nan,nan,278
2,78,0,0,nan,nan,nan,nan,nan,-50.0,nan,nan,279
2,78,1,0,nan,nan,nan,nan,nan,-50.0,nan,nan,279
2,79,0,0,nan,nan,nan,nan,nan,-50.0,nan,nan,280
2,79,1,0,nan,nan,nan,nan,nan,-50.0,nan,nan,280
2,80,0,0,nan,nan,nan,nan,nan,-50.0,nan,nan,281
2,80,1,0,nan,nan,nan,nan,nan,-50.0,nan,nan,281
2,81,0,0,nan,nan,nan,nan,nan,-50.0,nan,nan,282
2,81,1,0,nan,nan,nan,nan,nan,-50.0,nan,nan,282
2,82,0,0,nan,nan,nan,nan,nan,-50.0,nan,nan,283
2,82,1,0,nan,nan,nan,nan,nan,-50.0,nan,nan,283
2,83,0,0,nan,nan,nan,nan,nan,-50.0,nan,nan,284
2,83,1,0,nan,nan,nan,nan,nan,-50.0,nan,nan,284
2,84,0,0,nan,nan,nan,nan,nan,-50.0,nan,nan,285
2,84,1,0,nan,nan,nan,nan,nan,-50.0,nan,nan,285
2,85,0,0,nan,nan,nan,nan,nan,-50.0,nan,nan,286
2,85,1,0,nan,nan,nan,nan,nan,-50.0,nan,nan,286
2,86,0,0,nan,nan,nan,nan,nan,-50.0,nan,nan,287
2,86,1,0,nan,nan,nan,nan,nan,-50.0,nan,nan,287
2,87,0,0,nan,nan,nan,nan,nan,-50.0,nan,nan,288
2,87,1,0,nan,nan,nan,nan,nan,-50.0,nan,nan,288
2,88,0,0,nan,nan,nan,nan,nan,-50.0,nan,nan,289
2,88,1,0,nan,nan,nan,nan,nan,-50.0,nan,nan,289
2,89,0,0,nan,nan,nan,nan,nan,-50.0,nan,nan,290
2,89,1,0,nan,nan,nan,nan,nan,-50.0,nan,nan,290
2,90,0,0,nan,nan,nan,nan,nan,-50.0,nan,nan,291
2,90,1,0,nan,nan,nan,nan,nan,-50.0,nan,nan,291
2,91,0,0,nan,nan,nan,nan,nan,-50.0,nan,nan,292
2,91,1,0,nan,nan,nan,nan,nan,-50.0,nan,nan,292
2,92,0,0,nan,nan,nan,nan,nan,-50.0,nan,nan,293
2,92,1,0,nan,nan,nan,nan,nan,-50.0,nan,nan,293
2,93,0,0,nan,nan,nan,nan,nan,-50.0,nan,nan,294
2,93,1,0,nan,nan,nan,nan,nan,-50.0,nan,nan,294
2,94,0,0,nan,nan,nan,nan,nan,-50.0,nan,nan,295
2,94,1,0,nan,nan,nan,nan,nan,-50.0,nan,nan,295
2,95,0,0,nan,nan,nan,nan,nan,-50.0,nan,nan,296
2,95,1,0,nan,nan,nan,nan,nan,-50.0,nan,nan,296
2,96,0,0,nan,nan,nan,nan,nan,-50.0,nan,nan,297
2,96,1,0,nan,nan,nan,nan,nan,-50.0,nan,nan,297
2,97,0,0,nan,nan,nan,nan,nan,-50.0,nan,nan,298
2,97,1,0,nan,nan,nan,nan,nan,-50.0,nan,nan,298
2,98,0,0,nan,nan,nan,nan,nan,-50.0,nan,nan,299
2,98,1,0,nan,nan,nan,nan,nan,-50.0,nan,nan,299
2,99,0,0,nan,nan,nan,nan,nan,-50.0,nan,nan,300
2,99,1,0,nan,nan,nan,nan,nan,-50.0,nan,nan,300
3,0,0,0,nan,nan,nan,nan,nan,-50.0,nan,nan,301
3,0,1,0,nan,nan,nan,nan,nan,-50.0,nan,nan,301
3,1,0,0,nan,nan,nan,nan,nan,-50.0,nan,nan,302
3,1,1,0,nan,nan,nan,nan,nan,-50.0,nan,nan,302
3,2,0,0,nan,nan,nan,nan,nan,-50.0,nan,nan,303
3,2,1,0,nan,nan,nan,nan,nan,-50.0,nan,nan,303
3,3,0,0,nan,nan,nan,nan,nan,-50.0,nan,nan,304
3,3,1,0,nan,nan,nan,nan,nan,-50.0,nan,nan,304
3,4,0,0,nan,nan,nan,nan,nan,-50.0,nan,nan,305
3,4,1,0,nan,nan,nan,nan,nan,-50.0,nan,nan,305
3,5,0,0,nan,nan,nan,nan,nan,-50.0,nan,nan,306
3,5,1,0,nan,nan,nan,nan,nan,-50.0,nan,nan,306
3,6,0,0,nan,nan,nan,nan,nan,-50.0,nan,nan,307
3,6,1,0,nan,nan,nan,nan,nan,-50.0,nan,nan,307
3,7,0,0,nan,nan,nan,nan,nan,-50.0,nan,nan,308
3,7,1,0,nan,nan,nan,nan,nan,-50.0,nan,nan,308
3,8,0,0,nan,nan,nan,nan,nan,-50.0,nan,nan,309
3,8,1,0,nan,nan,nan,nan,nan,-50.0,nan,nan,309
3,9,0,0,nan,nan,nan,nan,nan,-50.0,nan,nan,310
3,9,1,0,nan,nan,nan,nan,nan,-50.0,nan,nan,310
3,10,0,0,nan,nan,nan,nan,nan,-50.0,nan,nan,311
3,10,1,0,nan,nan,nan,nan,nan,-50.0,nan,nan,311
3,11,0,0,nan,nan,nan,nan,nan,-50.0,nan,nan,312
3,11,1,0,nan,nan,nan,nan,nan,-50.0,nan,nan,312
3,12,0,0,nan,nan,nan,nan,nan,-50.0,nan,nan,313
3,12,1,0,nan,nan,nan,nan,nan,-50.0,nan,nan,313
3,13,0,0,nan,nan,nan,nan,nan,-50.0,nan,nan,314
3,13,1,0,nan,nan,nan,nan,nan,-50.0,nan,nan,314
3,14,0,0,nan,nan,nan,nan,nan,-50.0,nan,nan,315
3,14,1,0,nan,nan,nan,nan,nan,-50.0,nan,nan,315
3,15,0,0,nan,nan,nan,nan,nan,-50.0,nan,nan,316
3,15,1,0,nan,nan,nan,nan,nan,-50.0,nan,nan,316
3,16,0,0,nan,nan,nan,nan,nan,-50.0,nan,nan,317
3,16,1,0,nan,nan,nan,nan,nan,-50.0,nan,nan,317
3,17,0,0,nan,nan,nan,nan,nan,-50.0,nan,nan,318
3,17,1,0,nan,nan,nan,nan,nan,-50.0,nan,nan,318
3,18,0,0,nan,nan,nan,nan,nan,-50.0,nan,nan,319
3,18,1,0,nan,nan,nan,nan,nan,-50.0,nan,nan,319
3,19,0,0,nan,nan,nan,nan,nan,-50.0,nan,nan,320
3,19,1,0,nan,nan,nan,nan,nan,-50.0,nan,nan,320
3,20,0,0,nan,nan,nan,nan,nan,-50.0,nan,nan,321
3,20,1,0,nan,nan,nan,nan,nan,-50.0,nan,nan,321
3,21,0,0,nan,nan,nan,nan,nan,-50.0,nan,nan,322
3,21,1,0,nan,nan,nan,nan,nan,-50.0,nan,nan,322
3,22,0,0,nan,nan,nan,nan,nan,-50.0,nan,nan,323
3,22,1,0,nan,nan,nan,nan,nan,-50.0,nan,nan,323
3,23,0,0,nan,nan,nan,nan,nan,-50.0,nan,nan,324
3,23,1,0,nan,nan,nan,nan,nan,-50.0,nan,nan,324
3,24,0,0,nan,nan,nan,nan,nan,-50.0,nan,nan,325
3,24,1,0,nan,nan,nan,nan,nan,-50.0,nan,nan,325
3,25,0,0,nan,nan,nan,nan,nan,-50.0,nan,nan,326
3,25,1,0,nan,nan,nan,nan,nan,-50.0,nan,nan,326
3,26,0,0,nan,nan,nan,nan,nan,-50.0,nan,nan,327
3,26,1,0,nan,nan,nan,nan,nan,-50.0,nan,nan,327
3,27,0,0,nan,nan,nan,nan,nan,-50.0,nan,nan,328
3,27,1,0,nan,nan,nan,nan,nan,-50.0,nan,nan,328
3,28,0,0,nan,nan,nan,nan,nan,-50.0,nan,nan,329
3,28,1,0,nan,nan,nan,nan,nan,-50.0,nan,nan,329
3,29,0,0,nan,nan,nan,nan,nan,-50.0,nan,nan,330
3,29,1,0,nan,nan,nan,nan,nan,-50.0,nan,nan,330
3,30,0,0,nan,nan,nan,nan,nan,-50.0,nan,nan,331
3,30,1,0,nan,nan,nan,nan,nan,-50.0,nan,nan,331
3,31,0,0,nan,nan,nan,nan,nan,-50.0,nan,nan,332
3,31,1,0,nan,nan,nan,nan,nan,-50.0,nan,nan,332
3,32,0,0,nan,nan,nan,nan,nan,-50.0,nan,nan,333
3,32,1,0,nan,nan,nan,nan,nan,-50.0,nan,nan,333
3,33,0,0,nan,nan,nan,nan,nan,-50.0,nan,nan,334
3,33,1,0,nan,nan,nan,nan,nan,-50.0,nan,nan,334
3,34,0,0,nan,nan,nan,nan,nan,-50.0,nan,nan,335
3,34,1,0,nan,nan,nan,nan,nan,-50.0,nan,nan,335
3,35,0,0,nan,nan,nan,nan,nan,-50.0,nan,nan,336
3,35,1,0,nan,nan,nan,nan,nan,-50.0,nan,nan,336
3,36,0,0,nan,nan,nan,nan,nan,-50.0,nan,nan,337
3,36,1,0,nan,nan,nan,nan,nan,-50.0,nan,nan,337
3,37,0,0,nan,nan,nan,nan,nan,-50.0,nan,nan,338
3,37,1,0,nan,nan,nan,nan,nan,-50.0,nan,nan,338
3,38,0,0,nan,nan,nan,nan,nan,-50.0,nan,nan,339
3,38,1,0,nan,nan,nan,nan,nan,-50.0,nan,nan,339
3,39,0,0,nan,nan,nan,nan,nan,-50.0,nan,nan,340
3,39,1,0,nan,nan,nan,nan,nan,-50.0,nan,nan,340
3,40,0,0,nan,nan,nan,nan,nan,-50.0,nan,nan,341
3,40,1,0,nan,nan,nan,nan,nan,-50.0,nan,nan,341
3,41,0,0,nan,nan,nan,nan,nan,-50.0,nan,nan,342
3,41,1,0,nan,nan,nan,nan,nan,-50.0,nan,nan,342
3,42,0,0,nan,nan,nan,nan,nan,-50.0,nan,nan,343
3,42,1,0,nan,nan,nan,nan,nan,-50.0,nan,nan,343
3,43,0,0,nan,nan,nan,nan,nan,-50.0,nan,nan,344
3,43,1,0,nan,nan,nan,nan,nan,-50.0,nan,nan,344
3,44,0,0,nan,nan,nan,nan,nan,-50.0,nan,nan,345
3,44,1,0,nan,nan,nan,nan,nan,-50.0,nan,nan,345
3,45,0,0,nan,nan,nan,nan,nan,-50.0,nan,nan,346
3,45,1,0,nan,nan,nan,nan,nan,-50.0,nan,nan,346
3,46,0,0,nan,nan,nan,nan,nan,-50.0,nan,nan,347
3,46,1,0,nan,nan,nan,nan,nan,-50.0,nan,nan,347
3,47,0,0,nan,nan,nan,nan,nan,-50.0,nan,nan,348
3,47,1,0,nan,nan,nan,nan,nan,-50.0,nan,nan,348
3,48,0,0,nan,nan,nan,nan,nan,-50.0,nan,nan,349
3,48,1,0,nan,nan,nan,nan,nan,-50.0,nan,nan,349
3,49,0,0,nan,nan,nan,nan,nan,-50.0,nan,nan,350
3,49,1,0,nan,nan,nan,nan,nan,-50.0,nan,nan,350
3,50,0,0,nan,nan,nan,nan,nan,-50.0,nan,nan,351
3,50,1,0,nan,nan,nan,nan,nan,-50.0,nan,nan,351
3,51,0,0,nan,nan,nan,nan,nan,-50.0,nan,nan,352
3,51,1,0,nan,nan,nan,nan,nan,-50.0,nan,nan,352
3,52,0,0,nan,nan,nan,nan,nan,-50.0,nan,nan,353
3,52,1,0,nan,nan,nan,nan,nan,-50.0,nan,nan,353
3,53,0,0,nan,nan,nan,nan,nan,-50.0,nan,nan,354
3,53,1,0,nan,nan,nan,nan,nan,-50.0,nan,nan,354
3,54,0,0,nan,nan,nan,nan,nan,-50.0,nan,nan,355
3,54,1,0,nan,nan,nan,nan,nan,-50.0,nan,nan,355
3,55,0,0,nan,nan,nan,nan,nan,-50.0,nan,nan,356
3,55,1,0,nan,nan,nan,nan,nan,-50.0,nan,nan,356
3,56,0,0,nan,nan,nan,nan,nan,-50.0,nan,nan,357
3,56,1,0,nan,nan,nan,nan,nan,-50.0,nan,nan,357
3,57,0,0,nan,nan,nan,nan,nan,-50.0,nan,nan,358
3,57,1,0,nan,nan,nan,nan,nan,-50.0,nan,nan,358
3,58,0,0,nan,nan,nan,nan,nan,-50.0,nan,nan,359
3,58,1,0,nan,nan,nan,nan,nan,-50.0,nan,nan,359
3,59,0,0,nan,nan,nan,nan,nan,-50.0,nan,nan,360
3,59,1,0,nan,nan,nan,nan,nan,-50.0,nan,nan,360
3,60,0,0,nan,nan,nan,nan,nan,-50.0,nan,nan,361
3,60,1,0,nan,nan,nan,nan,nan,-50.0,nan,nan,361
3,61,0,0,nan,nan,nan,nan,nan,-50.0,nan,nan,362
3,61,1,0,nan,nan,nan,nan,nan,-50.0,nan,nan,362
3,62,0,0,nan,nan,nan,nan,nan,-50.0,nan,nan,363
3,62,1,0,nan,nan,nan,nan,nan,-50.0,nan,nan,363
3,63,0,0,nan,nan,nan,nan,nan,-50.0,nan,nan,364
3,63,1,0,nan,nan,nan,nan,nan,-50.0,nan,nan,364
3,64,0,0,nan,nan,nan,nan,nan,-50.0,nan,nan,365
3,64,1,0,nan,nan,nan,nan,nan,-50.0,nan,nan,365
3,65,0,0,nan,nan,nan,nan,nan,-50.0,nan,nan,366
3,65,1,0,nan,nan,nan,nan,nan,-50.0,nan,nan,366
3,66,0,0,nan,nan,nan,nan,nan,-50.0,nan,nan,367
3,66,1,0,nan,nan,nan,nan,nan,-50.0,nan,nan,367
3,67,0,0,nan,nan,nan,nan,nan,-50.0,nan,nan,368
3,67,1,0,nan,nan,nan,nan,nan,-50.0,nan,nan,368
3,68,0,0,nan,nan,nan,nan,nan,-50.0,nan,nan,369
3,68,1,0,nan,nan,nan,nan,nan,-50.0,nan,nan,369
3,69,0,0,nan,nan,nan,nan,nan,-50.0,nan,nan,370
3,69,1,0,nan,nan,nan,nan,nan,-50.0,nan,nan,370
3,70,0,0,nan,nan,nan,nan,nan,-50.0,nan,nan,371
3,70,1,0,nan,nan,nan,nan,nan,-50.0,nan,nan,371
3,71,0,0,nan,nan,nan,nan,nan,-50.0,nan,nan,372
3,71,1,0,nan,nan,nan,nan,nan,-50.0,nan,nan,372
3,72,0,0,nan,nan,nan,nan,nan,-50.0,nan,nan,373
3,72,1,0,nan,nan,nan,nan,nan,-50.0,nan,nan,373
3,73,0,0,nan,nan,nan,nan,nan,-50.0,nan,nan,374
3,73,1,0,nan,nan,nan,nan,nan,-50.0,nan,nan,374
3,74,0,0,nan,nan,nan,nan,nan,-50.0,nan,nan,375
3,74,1,0,nan,nan,nan,nan,nan,-50.0,nan,nan,375
3,75,0,0,nan,nan,nan,nan,nan,-50.0,nan,nan,376
3,75,1,0,nan,nan,nan,nan,nan,-50.0,nan,nan,376
3,76,0,0,nan,nan,nan,nan,nan,-50.0,nan,nan,377
3,76,1,0,nan,nan,nan,nan,nan,-50.0,nan,nan,377
3,77,0,0,nan,nan,nan,nan,nan,-50.0,nan,nan,378
3,77,1,0,nan,nan,nan,nan,nan,-50.0,nan,nan,378
3,78,0,0,nan,nan,nan,nan,nan,-50.0,nan,nan,379
3,78,1,0,nan,nan,nan,nan,nan,-50.0,nan,nan,379
3,79,0,0,nan,nan,nan,nan,nan,-50.0,nan,nan,380
3,79,1,0,nan,nan,nan,nan,nan,-50.0,nan,nan,380
3,80,0,0,nan,nan,nan,nan,nan,-50.0,nan,nan,381
3,80,1,0,nan,nan,nan,nan,nan,-50.0,nan,nan,381
3,81,0,0,nan,nan,nan,nan,nan,-50.0,nan,nan,382
3,81,1,0,nan,nan,nan,nan,nan,-50.0,nan,nan,382
3,82,0,0,nan,nan,nan,nan,nan,-50.0,nan,nan,383
3,82,1,0,nan,nan,nan,nan,nan,-50.0,nan,nan,383
3,83,0,0,nan,nan,nan,nan,nan,-50.0,nan,nan,384
3,83,1,0,nan,nan,nan,nan,nan,-50.0,nan,nan,384
3,84,0,0,nan,nan,nan,nan,nan,-50.0,nan,nan,385
3,84,1,0,nan,nan,nan,nan,nan,-50.0,nan,nan,385
3,85,0,0,nan,nan,nan,nan,nan,-50.0,nan,nan,386
3,85,1,0,nan,nan,nan,nan,nan,-50.0,nan,nan,386
3,86,0,0,nan,nan,nan,nan,nan,-50.0,nan,nan,387
3,86,1,0,nan,nan,nan,nan,nan,-50.0,nan,nan,387
3,87,0,0,nan,nan,nan,nan,nan,-50.0,nan,nan,388
3,87,1,0,nan,nan,nan,nan,nan,-50.0,nan,nan,388
3,88,0,0,nan,nan,nan,nan,nan,-50.0,nan,nan,389
3,88,1,0,nan,nan,nan,nan,nan,-50.0,nan,nan,389
3,89,0,0,nan,nan,nan,nan,nan,-50.0,nan,nan,390
3,89,1,0,nan,nan,nan,nan,nan,-50.0,nan,nan,390
3,90,0,0,nan,nan,nan,nan,nan,-50.0,nan,nan,391
3,90,1,0,nan,nan,nan,nan,nan,-50.0,nan,nan,391
3,91,0,0,nan,nan,nan,nan,nan,-50.0,nan,nan,392
3,91,1,0,nan,nan,nan,nan,nan,-50.0,nan,nan,392
3,92,0,0,nan,nan,nan,nan,nan,-50.0,nan,nan,393
3,92,1,0,nan,nan,nan,nan,nan,-50.0,nan,nan,393
3,93,0,0,nan,nan,nan,nan,nan,-50.0,nan,nan,394
3,93,1,0,nan,nan,nan,nan,nan,-50.0,nan,nan,394
3,94,0,0,nan,nan,nan,nan,nan,-50.0,nan,nan,395
3,94,1,0,nan,nan,nan,nan,nan,-50.0,nan,nan,395
3,95,0,0,nan,nan,nan,nan,nan,-50.0,nan,nan,396
3,95,1,0,nan,nan,nan,nan,nan,-50.0,nan,nan,396
3,96,0,0,nan,nan,nan,nan,nan,-50.0,nan,nan,397
3,96,1,0,nan,nan,nan,nan,nan,-50.0,nan,nan,397
3,97,0,0,nan,nan,nan,nan,nan,-50.0,nan,nan,398
3,97,1,0,nan,nan,nan,nan,nan,-50.0,nan,nan,398
3,98,0,0,nan,nan,nan,nan,nan,-47.412187003679136,nan,nan,399
3,98,1,0,nan,nan,nan,nan,nan,-50.0,nan,nan,399
3,99,0,0,nan,nan,nan,nan,nan,-44.13181504527809,nan,nan,400
3,99,1,0,nan,nan,nan,nan,nan,-50.0,nan,nan,400
4,0,0,0,nan,nan,nan,nan,nan,-50.0,nan,nan,401
4,0,1,0,nan,nan,nan,nan,nan,-50.0,nan,nan,401
4,1,0,0,nan,nan,nan,nan,nan,-50.0,nan,nan,402
4,1,1,0,nan,nan,nan,nan,nan,-50.0,nan,nan,402
4,2,0,0,nan,nan,nan,nan,nan,-50.0,nan,nan,403
4,2,1,0,nan,nan,nan,nan,nan,-50.0,nan,nan,403
4,3,0,0,nan,nan,nan,nan,nan,-50.0,nan,nan,404
4,3,1,0,nan,nan,nan,nan,nan,-50.0,nan,nan,404
4,4,0,0,nan,nan,nan,nan,nan,-50.0,nan,nan,405
4,4,1,0,nan,nan,nan,nan,nan,-50.0,nan,nan,405
4,5,0,0,nan,nan,nan,nan,nan,-50.0,nan,nan,406
4,5,1,0,nan,nan,nan,nan,nan,-50.0,nan,nan,406
4,6,0,0,nan,nan,nan,nan,nan,-50.0,nan,nan,407
4,6,1,0,nan,nan,nan,nan,nan,-50.0,nan,nan,407
4,7,0,0,nan,nan,nan,nan,nan,-50.0,nan,nan,408
4,7,1,0,nan,nan,nan,nan,nan,-50.0,nan,nan,408
4,8,0,0,nan,nan,nan,nan,nan,-50.0,nan,nan,409
4,8,1,0,nan,nan,nan,nan,nan,-50.0,nan,nan,409
4,9,0,0,nan,nan,nan,nan,nan,-50.0,nan,nan,410
4,9,1,0,nan,nan,nan,nan,nan,-50.0,nan,nan,410
4,10,0,0,nan,nan,nan,nan,nan,-50.0,nan,nan,411
4,10,1,0,nan,nan,nan,nan,nan,-50.0,nan,nan,411
4,11,0,0,nan,nan,nan,nan,nan,-50.0,nan,nan,412
4,11,1,0,nan,nan,nan,nan,nan,-50.0,nan,nan,412
4,12,0,0,nan,nan,nan,nan,nan,-50.0,nan,nan,413
4,12,1,0,nan,nan,nan,nan,nan,-50.0,nan,nan,413
4,13,0,0,nan,nan,nan,nan,nan,-50.0,nan,nan,414
4,13,1,0,nan,nan,nan,nan,nan,-50.0,nan,nan,414
4,14,0,0,nan,nan,nan,nan,nan,-50.0,nan,nan,415
4,14,1,0,nan,nan,nan,nan,nan,-50.0,nan,nan,415
4,15,0,0,nan,nan,nan,nan,nan,-50.0,nan,nan,416
4,15,1,0,nan,nan,nan,nan,nan,-50.0,nan,nan,416
4,16,0,0,nan,nan,nan,nan,nan,-50.0,nan,nan,417
4,16,1,0,nan,nan,nan,nan,nan,-50.0,nan,nan,417
4,17,0,0,nan,nan,nan,nan,nan,-50.0,nan,nan,418
4,17,1,0,nan,nan,nan,nan,nan,-50.0,nan,nan,418
4,18,0,0,nan,nan,nan,nan,nan,-50.0,nan,nan,419
4,18,1,0,nan,nan,nan,nan,nan,-50.0,nan,nan,419
4,19,0,0,nan,nan,nan,nan,nan,-50.0,nan,nan,420
4,19,1,0,nan,nan,nan,nan,nan,-50.0,nan,nan,420
4,20,0,0,nan,nan,nan,nan,nan,-50.0,nan,nan,421
4,20,1,0,nan,nan,nan,nan,nan,-50.0,nan,nan,421
4,21,0,0,nan,nan,nan,nan,nan,-50.0,nan,nan,422
4,21,1,0,nan,nan,nan,nan,nan,-50.0,nan,nan,422
4,22,0,0,nan,nan,nan,nan,nan,-50.0,nan,nan,423
4,22,1,0,nan,nan,nan,nan,nan,-50.0,nan,nan,423
4,23,0,0,nan,nan,nan,nan,nan,-50.0,nan,nan,424
4,23,1,0,nan,nan,nan,nan,nan,-50.0,nan,nan,424
4,24,0,0,nan,nan,nan,nan,nan,-50.0,nan,nan,425
4,24,1,0,nan,nan,nan,nan,nan,-50.0,nan,nan,425
4,25,0,0,nan,nan,nan,nan,nan,-50.0,nan,nan,426
4,25,1,0,nan,nan,nan,nan,nan,-50.0,nan,nan,426
4,26,0,0,nan,nan,nan,nan,nan,-50.0,nan,nan,427
4,26,1,0,nan,nan,nan,nan,nan,-50.0,nan,nan,427
4,27,0,0,nan,nan,nan,nan,nan,-50.0,nan,nan,428
4,27,1,0,nan,nan,nan,nan,nan,-50.0,nan,nan,428
4,28,0,0,nan,nan,nan,nan,nan,-50.0,nan,nan,429
4,28,1,0,nan,nan,nan,nan,nan,-50.0,nan,nan,429
4,29,0,0,nan,nan,nan,nan,nan,-50.0,nan,nan,430
4,29,1,0,nan,nan,nan,nan,nan,-50.0,nan,nan,430
4,30,0,0,nan,nan,nan,nan,nan,-50.0,nan,nan,431
4,30,1,0,nan,nan,nan,nan,nan,-50.0,nan,nan,431
4,31,0,0,nan,nan,nan,nan,nan,-50.0,nan,nan,432
4,31,1,0,nan,nan,nan,nan,nan,-50.0,nan,nan,432
4,32,0,0,nan,nan,nan,nan,nan,-50.0,nan,nan,433
4,32,1,0,nan,nan,nan,nan,nan,-50.0,nan,nan,433
4,33,0,0,nan,nan,nan,nan,nan,-50.0,nan,nan,434
4,33,1,0,nan,nan,nan,nan,nan,-50.0,nan,nan,434
4,34,0,0,nan,nan,nan,nan,nan,-50.0,nan,nan,435
4,34,1,0,nan,nan,nan,nan,nan,-50.0,nan,nan,435
4,35,0,0,nan,nan,nan,nan,nan,-50.0,nan,nan,436
4,35,1,0,nan,nan,nan,nan,nan,-50.0,nan,nan,436
4,36,0,0,nan,nan,nan,nan,nan,-50.0,nan,nan,437
4,36,1,0,nan,nan,nan,nan,nan,-50.0,nan,nan,437
4,37,0,0,nan,nan,nan,nan,nan,-50.0,nan,nan,438
4,37,1,0,nan,nan,nan,nan,nan,-50.0,nan,nan,438
4,38,0,0,nan,nan,nan,nan,nan,-50.0,nan,nan,439
4,38,1,0,nan,nan,nan,nan,nan,-50.0,nan,nan,439
4,39,0,0,nan,nan,nan,nan,nan,-50.0,nan,nan,440
4,39,1,0,nan,nan,nan,nan,nan,-50.0,nan,nan,440
4,40,0,0,nan,nan,nan,nan,nan,-50.0,nan,nan,441
4,40,1,0,nan,nan,nan,nan,nan,-50.0,nan,nan,441
4,41,0,0,nan,nan,nan,nan,nan,-50.0,nan,nan,442
4,41,1,0,nan,nan,nan,nan,nan,-50.0,nan,nan,442
4,42,0,0,nan,nan,nan,nan,nan,-50.0,nan,nan,443
4,42,1,0,nan,nan,nan,nan,nan,-50.0,nan,nan,443
4,43,0,0,nan,nan,nan,nan,nan,-50.0,nan,nan,444
4,43,1,0,nan,nan,nan,nan,nan,-50.0,nan,nan,444
4,44,0,0,nan,nan,nan,nan,nan,-50.0,nan,nan,445
4,44,1,0,nan,nan,nan,nan,nan,-50.0,nan,nan,445
4,45,0,0,nan,nan,nan,nan,nan,-50.0,nan,nan,446
4,45,1,0,nan,nan,nan,nan,nan,-50.0,nan,nan,446
4,46,0,0,nan,nan,nan,nan,nan,-50.0,nan,nan,447
4,46,1,0,nan,nan,nan,nan,nan,-50.0,nan,nan,447
4,47,0,0,nan,nan,nan,nan,nan,-50.0,nan,nan,448
4,47,1,0,nan,nan,nan,nan,nan,-50.0,nan,nan,448
4,48,0,0,nan,nan,nan,nan,nan,-50.0,nan,nan,449
4,48,1,0,nan,nan,nan,nan,nan,-50.0,nan,nan,449
4,49,0,0,nan,nan,nan,nan,nan,-50.0,nan,nan,450
4,49,1,0,nan,nan,nan,nan,nan,-50.0,nan,nan,450
4,50,0,0,nan,nan,nan,nan,nan,-50.0,nan,nan,451
4,50,1,0,nan,nan,nan,nan,nan,-50.0,nan,nan,451
4,51,0,0,nan,nan,nan,nan,nan,-50.0,nan,nan,452
4,51,1,0,nan,nan,nan,nan,nan,-50.0,nan,nan,452
4,52,0,0,nan,nan,nan,nan,nan,-50.0,nan,nan,453
4,52,1,0,nan,nan,nan,nan,nan,-50.0,nan,nan,453
4,53,0,0,nan,nan,nan,nan,nan,-50.0,nan,nan,454
4,53,1,0,nan,nan,nan,nan,nan,-50.0,nan,nan,454
4,54,0,0,nan,nan,nan,nan,nan,-50.0,nan,nan,455
4,54,1,0,nan,nan,nan,nan,nan,-50.0,nan,nan,455
4,55,0,0,nan,nan,nan,nan,nan,-50.0,nan,nan,456
4,55,1,0,nan,nan,nan,nan,nan,-50.0,nan,nan,456
4,56,0,0,nan,nan,nan,nan,nan,-50.0,nan,nan,457
4,56,1,0,nan,nan,nan,nan,nan,-50.0,nan,nan,457
4,57,0,0,nan,nan,nan,nan,nan,-50.0,nan,nan,458
4,57,1,0,nan,nan,nan,nan,nan,-50.0,nan,nan,458
4,58,0,0,nan,nan,nan,nan,nan,-50.0,nan,nan,459
4,58,1,0,nan,nan,nan,nan,nan,-50.0,nan,nan,459
4,59,0,0,nan,nan,nan,nan,nan,-50.0,nan,nan,460
4,59,1,0,nan,nan,nan,nan,nan,-50.0,nan,nan,460
4,60,0,0,nan,nan,nan,nan,nan,-50.0,nan,nan,461
4,60,1,0,nan,nan,nan,nan,nan,-50.0,nan,nan,461
4,61,0,0,nan,nan,nan,nan,nan,-50.0,nan,nan,462
4,61,1,0,nan,nan,nan,nan,nan,-50.0,nan,nan,462
4,62,0,0,nan,nan,nan,nan,nan,-50.0,nan,nan,463
4,62,1,0,nan,nan,nan,nan,nan,-50.0,nan,nan,463
4,63,0,0,nan,nan,nan,nan,nan,-50.0,nan,nan,464
4,63,1,0,nan,nan,nan,nan,nan,-50.0,nan,nan,464
4,64,0,0,nan,nan,nan,nan,nan,-50.0,nan,nan,465
4,64,1,0,nan,nan,nan,nan,nan,-50.0,nan,nan,465
4,65,0,0,nan,nan,nan,nan,nan,-50.0,nan,nan,466
4,65,1,0,nan,nan,nan,nan,nan,-50.0,nan,nan,466
4,66,0,0,nan,nan,nan,nan,nan,-50.0,nan,nan,467
4,66,1,0,nan,nan,nan,nan,nan,-50.0,nan,nan,467
4,67,0,0,nan,nan,nan,nan,nan,-50.0,nan,nan,468
4,67,1,0,nan,nan,nan,nan,nan,-50.0,nan,nan,468
4,68,0,0,nan,nan,nan,nan,nan,-50.0,nan,nan,469
4,68,1,0,nan,nan,nan,nan,nan,-50.0,nan,nan,469
4,69,0,0,nan,nan,nan,nan,nan,-50.0,nan,nan,470
4,69,1,0,nan,nan,nan,nan,nan,-50.0,nan,nan,470
4,70,0,0,nan,nan,nan,nan,nan,-50.0,nan,nan,471
4,70,1,0,nan,nan,nan,nan,nan,-50.0,nan,nan,471
4,71,0,0,nan,nan,nan,nan,nan,-50.0,nan,nan,472
4,71,1,0,nan,nan,nan,nan,nan,-50.0,nan,nan,472
4,72,0,0,nan,nan,nan,nan,nan,-50.0,nan,nan,473
4,72,1,0,nan,nan,nan,nan,nan,-50.0,nan,nan,473
4,73,0,0,nan,nan,nan,nan,nan,-50.0,nan,nan,474
4,73,1,0,nan,nan,nan,nan,nan,-50.0,nan,nan,474
4,74,0,0,nan,nan,nan,nan,nan,-50.0,nan,nan,475
4,74,1,0,nan,nan,nan,nan,nan,-50.0,nan,nan,475
4,75,0,0,nan,nan,nan,nan,nan,-50.0,nan,nan,476
4,75,1,0,nan,nan,nan,nan,nan,-50.0,nan,nan,476
4,76,0,0,nan,nan,nan,nan,nan,-50.0,nan,nan,477
4,76,1,0,nan,nan,nan,nan,nan,-50.0,nan,nan,477
4,77,0,0,nan,nan,nan,nan,nan,-50.0,nan,nan,478
4,77,1,0,nan,nan,nan,nan,nan,-50.0,nan,nan,478
4,78,0,0,nan,nan,nan,nan,nan,-50.0,nan,nan,479
4,78,1,0,nan,nan,nan,nan,nan,-50.0,nan,nan,479
4,79,0,0,nan,nan,nan,nan,nan,-50.0,nan,nan,480
4,79,1,0,nan,nan,nan,nan,nan,-50.0,nan,nan,480
4,80,0,0,nan,nan,nan,nan,nan,-50.0,nan,nan,481
4,80,1,0,nan,nan,nan,nan,nan,-45.614329074361684,nan,nan,481
4,81,0,0,nan,nan,nan,nan,nan,-50.0,nan,nan,482
4,81,1,0,nan,nan,nan,nan,nan,-50.0,nan,nan,482
4,82,0,0,nan,nan,nan,nan,nan,-50.0,nan,nan,483
4,82,1,0,nan,nan,nan,nan,nan,-43.867122263527605,nan,nan,483
4,83,0,0,nan,nan,nan,nan,nan,-50.0,nan,nan,484
4,83,1,0,nan,nan,nan,nan,nan,-47.712496487971904,nan,nan,484
4,84,0,0,nan,nan,nan,nan,nan,-50.0,nan,nan,485
4,84,1,0,nan,nan,nan,nan,nan,-50.0,nan,nan,485
4,85,0,0,nan,nan,nan,nan,nan,-50.0,nan,nan,486
4,85,1,0,nan,nan,nan,nan,nan,-50.0,nan,nan,486
4,86,0,0,nan,nan,nan,nan,nan,-50.0,nan,nan,487
4,86,1,0,nan,nan,nan,nan,nan,-50.0,nan,nan,487
4,87,0,0,nan,nan,nan,nan,nan,-50.0,nan,nan,488
4,87,1,0,nan,nan,nan,nan,nan,-50.0,nan,nan,488
4,88,0,0,nan,nan,nan,nan,nan,-50.0,nan,nan,489
4,88,1,0,nan,nan,nan,nan,nan,-50.0,nan,nan,489
4,89,0,0,nan,nan,nan,nan,nan,-50.0,nan,nan,490
4,89,1,0,nan,nan,nan,nan,nan,-50.0,nan,nan,490
4,90,0,0,nan,nan,nan,nan,nan,-50.0,nan,nan,491
4,90,1,0,nan,nan,nan,nan,nan,-50.0,nan,nan,491
4,91,0,0,nan,nan,nan,nan,nan,-50.0,nan,nan,492
4,91,1,0,nan,nan,nan,nan,nan,-50.0,nan,nan,492
4,92,0,0,nan,nan,nan,nan,nan,-50.0,nan,nan,493
4,92,1,0,nan,nan,nan,nan,nan,-50.0,nan,nan,493
4,93,0,0,nan,nan,nan,nan,nan,-50.0,nan,nan,494
4,93,1,0,nan,nan,nan,nan,nan,-50.0,nan,nan,494
4,94,0,0,nan,nan,nan,nan,nan,-50.0,nan,nan,495
4,94,1,0,nan,nan,nan,nan,nan,-50.0,nan,nan,495
4,95,0,0,nan,nan,nan,nan,nan,-50.0,nan,nan,496
4,95,1,0,nan,nan,nan,nan,nan,-50.0,nan,nan,496
4,96,0,0,nan,nan,nan,nan,nan,-50.0,nan,nan,497
4,96,1,0,nan,nan,nan,nan,nan,-50.0,nan,nan,497
4,97,0,0,nan,nan,nan,nan,nan,-50.0,nan,nan,498
4,97,1,0,nan,nan,nan,nan,nan,-50.0,nan,nan,498
4,98,0,0,nan,nan,nan,nan,nan,-50.0,nan,nan,499
4,98,1,0,nan,nan,nan,nan,nan,-50.0,nan,nan,499
4,99,0,0,nan,nan,nan,nan,nan,-50.0,nan,nan,500
4,99,1,0,nan,nan,nan,nan,nan,-50.0,nan,nan,500
